,template,run,mean,source_data,bw,sf,paylen,impl_head,has_crc,cr,frames,frame_period,num_right,num_total,num_dec,num_per,time,load,data_rate
3,lora_sim_chain,0,200,PKdhtXMmr18n2L9K88eMlGn7CcctT9RwKSB1FebW397VI5uG1yhc3uavuaOb9vyJ,250000,12,64,True,False,4,100,200,54,100,55,54,388.036176681519,2.37,16.4933075434686
4,lora_sim_chain,0,200,PKdhtXMmr18n2L9K88eMlGn7CcctT9RwKSB1FebW397VI5uG1yhc3uavuaOb9vyJ,250000,10,64,True,False,4,100,200,61,100,62,61,47.3273167610168,2.57,135.228456587077
5,lora_sim_chain,0,200,PKdhtXMmr18n2L9K88eMlGn7CcctT9RwKSB1FebW397VI5uG1yhc3uavuaOb9vyJ,250000,8,64,True,False,4,100,200,63,100,63,63,21.6447079181671,4.42,295.684285701461
6,lora_sim_chain,0,200,PKdhtXMmr18n2L9K88eMlGn7CcctT9RwKSB1FebW397VI5uG1yhc3uavuaOb9vyJ,250000,9,64,True,False,4,100,200,66,100,66,66,27.1188843250275,4.42,235.997909179972
7,lora_sim_chain,0,1000,PKdhtXMmr18n2L9K88eMlGn7CcctT9RwKSB1FebW397VI5uG1yhc3uavuaOb9vyJ,250000,7,64,True,False,4,100,200,66,100,83,66,103.319788455963,2.44,61.9436034049547
8,lora_sim_chain,0,1000,PKdhtXMmr18n2L9K88eMlGn7CcctT9RwKSB1FebW397VI5uG1yhc3uavuaOb9vyJ,250000,12,64,True,False,4,100,200,71,100,72,71,713.356830596924,2.4,8.97166708930872
9,lora_sim_chain,0,1000,PKdhtXMmr18n2L9K88eMlGn7CcctT9RwKSB1FebW397VI5uG1yhc3uavuaOb9vyJ,250000,10,64,True,False,4,100,200,74,100,74,74,103.230247020721,2.32,61.9973329979083
10,lora_sim_chain,0,1000,PKdhtXMmr18n2L9K88eMlGn7CcctT9RwKSB1FebW397VI5uG1yhc3uavuaOb9vyJ,250000,9,64,True,False,4,100,200,76,100,76,76,103.217923402786,2.42,62.0047351178084
11,lora_sim_chain,0,1000,PKdhtXMmr18n2L9K88eMlGn7CcctT9RwKSB1FebW397VI5uG1yhc3uavuaOb9vyJ,250000,8,64,True,False,4,100,200,82,100,82,82,103.434527635574,2.58,61.8748898099946
12,lora_sim_chain,0,1000,PKdhtXMmr18n2L9K88eMlGn7CcctT9RwKSB1FebW397VI5uG1yhc3uavuaOb9vyJ,250000,11,64,True,False,4,100,200,84,100,84,84,103.267646074295,2.24,61.9748802581941
13,lora_sim_chain,1,200,PKdhtXMmr18n2L9K88eMlGn7CcctT9RwKSB1FebW397VI5uG1yhc3uavuaOb9vyJ,250000,12,64,True,False,4,100,200,59,100,61,59,387.951406002045,0.85,16.4969114713462
14,lora_sim_chain,1,1000,PKdhtXMmr18n2L9K88eMlGn7CcctT9RwKSB1FebW397VI5uG1yhc3uavuaOb9vyJ,250000,7,64,True,False,4,100,200,60,100,60,60,103.189699172974,2.34,62.0216945227438
15,lora_sim_chain,1,1000,PKdhtXMmr18n2L9K88eMlGn7CcctT9RwKSB1FebW397VI5uG1yhc3uavuaOb9vyJ,250000,11,64,True,False,4,100,200,64,100,64,64,103.153691291809,2.47,62.0433444489659
16,lora_sim_chain,1,200,PKdhtXMmr18n2L9K88eMlGn7CcctT9RwKSB1FebW397VI5uG1yhc3uavuaOb9vyJ,250000,9,64,True,False,4,100,200,65,100,65,65,27.0656242370605,2.53,236.462308940083
17,lora_sim_chain,1,200,PKdhtXMmr18n2L9K88eMlGn7CcctT9RwKSB1FebW397VI5uG1yhc3uavuaOb9vyJ,250000,8,64,True,False,4,100,200,66,100,67,66,21.6122794151306,2.03,296.12795009116
18,lora_sim_chain,1,200,PKdhtXMmr18n2L9K88eMlGn7CcctT9RwKSB1FebW397VI5uG1yhc3uavuaOb9vyJ,250000,11,64,True,False,4,100,200,68,100,68,68,265.655141115189,1.11,24.0913839390932
19,lora_sim_chain,1,200,PKdhtXMmr18n2L9K88eMlGn7CcctT9RwKSB1FebW397VI5uG1yhc3uavuaOb9vyJ,250000,7,64,True,False,4,100,200,69,100,69,69,21.6724009513855,2.05,295.306459785244
20,lora_sim_chain,1,1000,PKdhtXMmr18n2L9K88eMlGn7CcctT9RwKSB1FebW397VI5uG1yhc3uavuaOb9vyJ,250000,9,64,True,False,4,100,200,71,100,71,71,103.271057844162,3.91,61.9728327917172
21,lora_sim_chain,1,1000,PKdhtXMmr18n2L9K88eMlGn7CcctT9RwKSB1FebW397VI5uG1yhc3uavuaOb9vyJ,250000,8,64,True,False,4,100,200,72,100,72,72,103.244489192963,2.93,61.9887807090457
22,lora_sim_chain,1,1000,PKdhtXMmr18n2L9K88eMlGn7CcctT9RwKSB1FebW397VI5uG1yhc3uavuaOb9vyJ,250000,10,64,True,False,4,100,200,72,100,72,72,103.207032442093,2.82,62.0112781906688
23,lora_sim_chain,1,200,PKdhtXMmr18n2L9K88eMlGn7CcctT9RwKSB1FebW397VI5uG1yhc3uavuaOb9vyJ,250000,10,64,True,False,4,100,200,74,100,74,74,47.8810329437256,2.21,133.664618462219
24,lora_sim_chain,1,1000,PKdhtXMmr18n2L9K88eMlGn7CcctT9RwKSB1FebW397VI5uG1yhc3uavuaOb9vyJ,250000,12,64,True,False,4,100,200,77,100,77,77,713.317461967468,0.63,8.97216224364893
25,lora_sim_chain,2,200,PKdhtXMmr18n2L9K88eMlGn7CcctT9RwKSB1FebW397VI5uG1yhc3uavuaOb9vyJ,250000,11,64,True,False,4,100,200,58,100,58,58,265.671088933945,2,24.0899377711034
26,lora_sim_chain,2,1000,PKdhtXMmr18n2L9K88eMlGn7CcctT9RwKSB1FebW397VI5uG1yhc3uavuaOb9vyJ,250000,8,64,True,False,4,100,200,60,100,60,60,103.139166593552,1.31,62.0520817782149
27,lora_sim_chain,2,200,PKdhtXMmr18n2L9K88eMlGn7CcctT9RwKSB1FebW397VI5uG1yhc3uavuaOb9vyJ,250000,12,64,True,False,4,100,200,64,100,66,64,388.001834869385,1.27,16.4947673563308
28,lora_sim_chain,2,200,PKdhtXMmr18n2L9K88eMlGn7CcctT9RwKSB1FebW397VI5uG1yhc3uavuaOb9vyJ,250000,7,64,True,False,4,100,200,65,100,65,65,21.6131036281586,0.96,296.116657288488
29,lora_sim_chain,2,1000,PKdhtXMmr18n2L9K88eMlGn7CcctT9RwKSB1FebW397VI5uG1yhc3uavuaOb9vyJ,250000,7,64,True,False,4,100,200,65,100,65,65,103.169518709183,1.48,62.0338262703397
30,lora_sim_chain,2,200,PKdhtXMmr18n2L9K88eMlGn7CcctT9RwKSB1FebW397VI5uG1yhc3uavuaOb9vyJ,250000,9,64,True,False,4,100,200,66,100,66,66,27.103410243988,1.25,236.132646865707
31,lora_sim_chain,2,200,PKdhtXMmr18n2L9K88eMlGn7CcctT9RwKSB1FebW397VI5uG1yhc3uavuaOb9vyJ,250000,8,64,True,False,4,100,200,68,100,68,68,21.586042881012,1.27,296.487875766694
32,lora_sim_chain,2,1000,PKdhtXMmr18n2L9K88eMlGn7CcctT9RwKSB1FebW397VI5uG1yhc3uavuaOb9vyJ,250000,11,64,True,False,4,100,200,68,100,68,68,103.253676652908,2.1,61.9832649786784
33,lora_sim_chain,2,1000,PKdhtXMmr18n2L9K88eMlGn7CcctT9RwKSB1FebW397VI5uG1yhc3uavuaOb9vyJ,250000,12,64,True,False,4,100,200,72,100,73,72,713.245371341705,2.47,8.9730690967693
34,lora_sim_chain,2,200,PKdhtXMmr18n2L9K88eMlGn7CcctT9RwKSB1FebW397VI5uG1yhc3uavuaOb9vyJ,250000,10,64,True,False,4,100,200,75,100,75,75,47.9407987594604,1.01,133.497984297499
35,lora_sim_chain,2,1000,PKdhtXMmr18n2L9K88eMlGn7CcctT9RwKSB1FebW397VI5uG1yhc3uavuaOb9vyJ,250000,10,64,True,False,4,100,200,75,100,75,75,103.281227827072,1.96,61.9667303986333
36,lora_sim_chain,2,1000,PKdhtXMmr18n2L9K88eMlGn7CcctT9RwKSB1FebW397VI5uG1yhc3uavuaOb9vyJ,250000,9,64,True,False,4,100,200,78,100,78,78,103.177275419235,1.98,62.0291626619834
37,lora_sim_chain,3,200,PKdhtXMmr18n2L9K88eMlGn7CcctT9RwKSB1FebW397VI5uG1yhc3uavuaOb9vyJ,250000,12,64,True,False,4,100,200,60,100,62,60,387.960579872131,0.96,16.49652137882
38,lora_sim_chain,3,1000,PKdhtXMmr18n2L9K88eMlGn7CcctT9RwKSB1FebW397VI5uG1yhc3uavuaOb9vyJ,250000,7,64,True,False,4,100,200,61,100,61,61,103.164335727692,1.17,62.0369428529369
39,lora_sim_chain,3,200,PKdhtXMmr18n2L9K88eMlGn7CcctT9RwKSB1FebW397VI5uG1yhc3uavuaOb9vyJ,250000,9,64,True,False,4,100,200,62,100,62,62,26.9607110023499,3.82,237.382463668788
40,lora_sim_chain,3,200,PKdhtXMmr18n2L9K88eMlGn7CcctT9RwKSB1FebW397VI5uG1yhc3uavuaOb9vyJ,250000,7,64,True,False,4,100,200,65,100,73,65,21.6896159648895,3.14,295.072075520384
41,lora_sim_chain,3,200,PKdhtXMmr18n2L9K88eMlGn7CcctT9RwKSB1FebW397VI5uG1yhc3uavuaOb9vyJ,250000,10,64,True,False,4,100,200,66,100,66,66,47.5451855659485,3.49,134.60879211677
42,lora_sim_chain,3,200,PKdhtXMmr18n2L9K88eMlGn7CcctT9RwKSB1FebW397VI5uG1yhc3uavuaOb9vyJ,250000,11,64,True,False,4,100,200,67,100,68,67,265.708439826965,1.69,24.086551425193
43,lora_sim_chain,3,1000,PKdhtXMmr18n2L9K88eMlGn7CcctT9RwKSB1FebW397VI5uG1yhc3uavuaOb9vyJ,250000,10,64,True,False,4,100,200,68,100,68,68,103.267829656601,1.78,61.9747700835979
44,lora_sim_chain,3,200,PKdhtXMmr18n2L9K88eMlGn7CcctT9RwKSB1FebW397VI5uG1yhc3uavuaOb9vyJ,250000,8,64,True,False,4,100,200,70,100,70,70,21.614483833313,3.85,296.097748590975
45,lora_sim_chain,3,1000,PKdhtXMmr18n2L9K88eMlGn7CcctT9RwKSB1FebW397VI5uG1yhc3uavuaOb9vyJ,250000,8,64,True,False,4,100,200,70,100,71,70,103.184196949005,1.06,62.0250017855249
46,lora_sim_chain,3,1000,PKdhtXMmr18n2L9K88eMlGn7CcctT9RwKSB1FebW397VI5uG1yhc3uavuaOb9vyJ,250000,9,64,True,False,4,100,200,72,100,72,72,103.181992292404,2.25,62.026327053884
47,lora_sim_chain,3,1000,PKdhtXMmr18n2L9K88eMlGn7CcctT9RwKSB1FebW397VI5uG1yhc3uavuaOb9vyJ,250000,11,64,True,False,4,100,200,72,100,72,72,103.241973400116,2.36,61.9902912471141
48,lora_sim_chain,3,1000,PKdhtXMmr18n2L9K88eMlGn7CcctT9RwKSB1FebW397VI5uG1yhc3uavuaOb9vyJ,250000,12,64,True,False,4,100,200,79,100,79,79,713.401643037796,2.02,8.97110353257335
49,lora_sim_chain,4,200,PKdhtXMmr18n2L9K88eMlGn7CcctT9RwKSB1FebW397VI5uG1yhc3uavuaOb9vyJ,250000,12,64,True,False,4,100,200,55,100,57,55,387.994898557663,1.28,16.4950622386826
50,lora_sim_chain,4,200,PKdhtXMmr18n2L9K88eMlGn7CcctT9RwKSB1FebW397VI5uG1yhc3uavuaOb9vyJ,250000,7,64,True,False,4,100,200,61,100,61,61,21.5950734615326,1.96,296.363891116201
51,lora_sim_chain,4,200,PKdhtXMmr18n2L9K88eMlGn7CcctT9RwKSB1FebW397VI5uG1yhc3uavuaOb9vyJ,250000,9,64,True,False,4,100,200,64,100,64,64,27.1023528575897,1.79,236.141859477257
52,lora_sim_chain,4,1000,PKdhtXMmr18n2L9K88eMlGn7CcctT9RwKSB1FebW397VI5uG1yhc3uavuaOb9vyJ,250000,7,64,True,False,4,100,200,64,100,65,64,103.292052507401,2.45,61.9602364813253
53,lora_sim_chain,4,1000,PKdhtXMmr18n2L9K88eMlGn7CcctT9RwKSB1FebW397VI5uG1yhc3uavuaOb9vyJ,250000,12,64,True,False,4,100,200,64,100,65,64,713.338882684708,1.01,8.97189282030035
54,lora_sim_chain,4,200,PKdhtXMmr18n2L9K88eMlGn7CcctT9RwKSB1FebW397VI5uG1yhc3uavuaOb9vyJ,250000,11,64,True,False,4,100,200,65,100,66,65,265.599133491516,1.02,24.0964641558382
55,lora_sim_chain,4,1000,PKdhtXMmr18n2L9K88eMlGn7CcctT9RwKSB1FebW397VI5uG1yhc3uavuaOb9vyJ,250000,8,64,True,False,4,100,200,66,100,67,66,103.192356824875,2.71,62.0200971944199
56,lora_sim_chain,4,200,PKdhtXMmr18n2L9K88eMlGn7CcctT9RwKSB1FebW397VI5uG1yhc3uavuaOb9vyJ,250000,10,64,True,False,4,100,200,68,100,68,68,47.6716656684876,2.13,134.251654735668
57,lora_sim_chain,4,200,PKdhtXMmr18n2L9K88eMlGn7CcctT9RwKSB1FebW397VI5uG1yhc3uavuaOb9vyJ,250000,8,64,True,False,4,100,200,69,100,69,69,21.6436324119568,1.72,295.69897871969
58,lora_sim_chain,4,1000,PKdhtXMmr18n2L9K88eMlGn7CcctT9RwKSB1FebW397VI5uG1yhc3uavuaOb9vyJ,250000,9,64,True,False,4,100,200,70,100,70,70,103.272635698318,3.16,61.9718859378759
59,lora_sim_chain,4,1000,PKdhtXMmr18n2L9K88eMlGn7CcctT9RwKSB1FebW397VI5uG1yhc3uavuaOb9vyJ,250000,11,64,True,False,4,100,200,76,100,76,76,103.290888786316,2.32,61.960934552902
60,lora_sim_chain,4,1000,PKdhtXMmr18n2L9K88eMlGn7CcctT9RwKSB1FebW397VI5uG1yhc3uavuaOb9vyJ,250000,10,64,True,False,4,100,200,83,100,83,83,103.155710697174,2.86,62.0421298709091
61,lora_sim_chain,5,200,PKdhtXMmr18n2L9K88eMlGn7CcctT9RwKSB1FebW397VI5uG1yhc3uavuaOb9vyJ,250000,7,64,True,False,4,100,200,60,100,60,60,21.726315498352,1.15,294.57364735799
62,lora_sim_chain,5,200,PKdhtXMmr18n2L9K88eMlGn7CcctT9RwKSB1FebW397VI5uG1yhc3uavuaOb9vyJ,250000,11,64,True,False,4,100,200,61,100,62,61,265.70170545578,2.43,24.0871619134757
63,lora_sim_chain,5,200,PKdhtXMmr18n2L9K88eMlGn7CcctT9RwKSB1FebW397VI5uG1yhc3uavuaOb9vyJ,250000,12,64,True,False,4,100,200,62,100,64,62,388.026972770691,2.37,16.493698760942
64,lora_sim_chain,5,1000,PKdhtXMmr18n2L9K88eMlGn7CcctT9RwKSB1FebW397VI5uG1yhc3uavuaOb9vyJ,250000,11,64,True,False,4,100,200,62,100,62,62,103.290549516678,1.78,61.9611380706869
65,lora_sim_chain,5,1000,PKdhtXMmr18n2L9K88eMlGn7CcctT9RwKSB1FebW397VI5uG1yhc3uavuaOb9vyJ,250000,9,64,True,False,4,100,200,63,100,63,63,103.202529907227,1.93,62.0139836276616
66,lora_sim_chain,5,1000,PKdhtXMmr18n2L9K88eMlGn7CcctT9RwKSB1FebW397VI5uG1yhc3uavuaOb9vyJ,250000,7,64,True,False,4,100,200,65,100,65,65,103.228942155838,2.06,61.9981166748598
67,lora_sim_chain,5,200,PKdhtXMmr18n2L9K88eMlGn7CcctT9RwKSB1FebW397VI5uG1yhc3uavuaOb9vyJ,250000,9,64,True,False,4,100,200,68,100,68,68,27.2609555721283,1.19,234.767999348614
68,lora_sim_chain,5,1000,PKdhtXMmr18n2L9K88eMlGn7CcctT9RwKSB1FebW397VI5uG1yhc3uavuaOb9vyJ,250000,10,64,True,False,4,100,200,69,100,69,69,103.236337900162,3.26,61.9936751939936
69,lora_sim_chain,5,200,PKdhtXMmr18n2L9K88eMlGn7CcctT9RwKSB1FebW397VI5uG1yhc3uavuaOb9vyJ,250000,8,64,True,False,4,100,200,70,100,70,70,21.7532243728638,1.28,294.209257915058
70,lora_sim_chain,5,1000,PKdhtXMmr18n2L9K88eMlGn7CcctT9RwKSB1FebW397VI5uG1yhc3uavuaOb9vyJ,250000,8,64,True,False,4,100,200,71,100,72,71,103.354953050613,1.57,61.9225282494772
71,lora_sim_chain,5,200,PKdhtXMmr18n2L9K88eMlGn7CcctT9RwKSB1FebW397VI5uG1yhc3uavuaOb9vyJ,250000,10,64,True,False,4,100,200,72,100,72,72,47.8727781772614,0.92,133.687666429183
72,lora_sim_chain,5,1000,PKdhtXMmr18n2L9K88eMlGn7CcctT9RwKSB1FebW397VI5uG1yhc3uavuaOb9vyJ,250000,12,64,True,False,4,100,200,73,100,74,73,713.413382291794,1.76,8.97095591260206
73,lora_sim_chain,6,200,PKdhtXMmr18n2L9K88eMlGn7CcctT9RwKSB1FebW397VI5uG1yhc3uavuaOb9vyJ,250000,12,64,True,False,4,100,200,55,100,58,55,388.273169279099,1.49,16.4832404255045
74,lora_sim_chain,6,200,PKdhtXMmr18n2L9K88eMlGn7CcctT9RwKSB1FebW397VI5uG1yhc3uavuaOb9vyJ,250000,11,64,True,False,4,100,200,59,100,59,59,265.675192832947,1.48,24.0895656525381
75,lora_sim_chain,6,200,PKdhtXMmr18n2L9K88eMlGn7CcctT9RwKSB1FebW397VI5uG1yhc3uavuaOb9vyJ,250000,7,64,True,False,4,100,200,60,100,60,60,21.6389636993408,2.3,295.762777225554
76,lora_sim_chain,6,200,PKdhtXMmr18n2L9K88eMlGn7CcctT9RwKSB1FebW397VI5uG1yhc3uavuaOb9vyJ,250000,8,64,True,False,4,100,200,61,100,61,61,21.6420176029205,3.3,295.721042160891
77,lora_sim_chain,6,200,PKdhtXMmr18n2L9K88eMlGn7CcctT9RwKSB1FebW397VI5uG1yhc3uavuaOb9vyJ,250000,10,64,True,False,4,100,200,62,100,62,62,47.3428690433502,2.15,135.184033611054
78,lora_sim_chain,6,200,PKdhtXMmr18n2L9K88eMlGn7CcctT9RwKSB1FebW397VI5uG1yhc3uavuaOb9vyJ,250000,9,64,True,False,4,100,200,65,100,65,65,27.0292477607727,2.63,236.780544417824
79,lora_sim_chain,6,1000,PKdhtXMmr18n2L9K88eMlGn7CcctT9RwKSB1FebW397VI5uG1yhc3uavuaOb9vyJ,250000,12,64,True,False,4,100,200,65,100,66,65,713.360903024674,1.23,8.97161587194335
80,lora_sim_chain,6,1000,PKdhtXMmr18n2L9K88eMlGn7CcctT9RwKSB1FebW397VI5uG1yhc3uavuaOb9vyJ,250000,8,64,True,False,4,100,200,66,100,66,66,103.249809265137,1.33,61.9855866616213
81,lora_sim_chain,6,1000,PKdhtXMmr18n2L9K88eMlGn7CcctT9RwKSB1FebW397VI5uG1yhc3uavuaOb9vyJ,250000,10,64,True,False,4,100,200,66,100,66,66,103.237699747086,1.24,61.9928574123493
82,lora_sim_chain,6,1000,PKdhtXMmr18n2L9K88eMlGn7CcctT9RwKSB1FebW397VI5uG1yhc3uavuaOb9vyJ,250000,11,64,True,False,4,100,200,69,100,69,69,103.264920711517,1.52,61.9765158962272
83,lora_sim_chain,6,1000,PKdhtXMmr18n2L9K88eMlGn7CcctT9RwKSB1FebW397VI5uG1yhc3uavuaOb9vyJ,250000,7,64,True,False,4,100,200,71,100,71,71,103.256596803665,1.15,61.9815120594099
84,lora_sim_chain,6,1000,PKdhtXMmr18n2L9K88eMlGn7CcctT9RwKSB1FebW397VI5uG1yhc3uavuaOb9vyJ,250000,9,64,True,False,4,100,200,73,100,73,73,103.234664916992,1.43,61.9946798407884
85,lora_sim_chain,7,1000,PKdhtXMmr18n2L9K88eMlGn7CcctT9RwKSB1FebW397VI5uG1yhc3uavuaOb9vyJ,250000,7,64,True,False,4,100,200,36,100,78,36,103.300276279449,3.16,61.9553038046735
86,lora_sim_chain,7,200,PKdhtXMmr18n2L9K88eMlGn7CcctT9RwKSB1FebW397VI5uG1yhc3uavuaOb9vyJ,250000,11,64,True,False,4,100,200,58,100,58,58,265.64310002327,1.59,24.0924759552926
87,lora_sim_chain,7,200,PKdhtXMmr18n2L9K88eMlGn7CcctT9RwKSB1FebW397VI5uG1yhc3uavuaOb9vyJ,250000,7,64,True,False,4,100,200,62,100,63,62,21.670480966568,1.49,295.332623667816
88,lora_sim_chain,7,200,PKdhtXMmr18n2L9K88eMlGn7CcctT9RwKSB1FebW397VI5uG1yhc3uavuaOb9vyJ,250000,9,64,True,False,4,100,200,65,100,65,65,27.108823299408,1.62,236.085496198567
89,lora_sim_chain,7,200,PKdhtXMmr18n2L9K88eMlGn7CcctT9RwKSB1FebW397VI5uG1yhc3uavuaOb9vyJ,250000,10,64,True,False,4,100,200,65,100,65,65,47.5841352939606,1.62,134.498608842269
90,lora_sim_chain,7,1000,PKdhtXMmr18n2L9K88eMlGn7CcctT9RwKSB1FebW397VI5uG1yhc3uavuaOb9vyJ,250000,9,64,True,False,4,100,200,66,100,66,66,103.225168466568,4.17,62.0003831921359
91,lora_sim_chain,7,1000,PKdhtXMmr18n2L9K88eMlGn7CcctT9RwKSB1FebW397VI5uG1yhc3uavuaOb9vyJ,250000,12,64,True,False,4,100,200,66,100,66,66,713.42470240593,1.27,8.97081356787458
92,lora_sim_chain,7,200,PKdhtXMmr18n2L9K88eMlGn7CcctT9RwKSB1FebW397VI5uG1yhc3uavuaOb9vyJ,250000,8,64,True,False,4,100,200,68,100,68,68,21.6407361030579,1.39,295.738553879213
93,lora_sim_chain,7,1000,PKdhtXMmr18n2L9K88eMlGn7CcctT9RwKSB1FebW397VI5uG1yhc3uavuaOb9vyJ,250000,8,64,True,False,4,100,200,71,100,71,71,103.295959234238,3.53,61.9578931009985
94,lora_sim_chain,7,1000,PKdhtXMmr18n2L9K88eMlGn7CcctT9RwKSB1FebW397VI5uG1yhc3uavuaOb9vyJ,250000,11,64,True,False,4,100,200,75,100,75,75,103.262218952179,2.9,61.9781374537754
95,lora_sim_chain,7,200,PKdhtXMmr18n2L9K88eMlGn7CcctT9RwKSB1FebW397VI5uG1yhc3uavuaOb9vyJ,250000,12,64,True,False,4,100,200,81,100,83,81,387.955392599106,2.41,16.4967419504681
96,lora_sim_chain,7,1000,PKdhtXMmr18n2L9K88eMlGn7CcctT9RwKSB1FebW397VI5uG1yhc3uavuaOb9vyJ,250000,10,64,True,False,4,100,200,91,100,91,91,103.290098428726,3.38,61.9614086670295
97,lora_sim_chain,8,200,PKdhtXMmr18n2L9K88eMlGn7CcctT9RwKSB1FebW397VI5uG1yhc3uavuaOb9vyJ,250000,8,64,True,False,4,100,200,62,100,62,62,21.6765420436859,1.15,295.250044361399
98,lora_sim_chain,8,1000,PKdhtXMmr18n2L9K88eMlGn7CcctT9RwKSB1FebW397VI5uG1yhc3uavuaOb9vyJ,250000,11,64,True,False,4,100,200,64,100,64,64,103.320728302002,1.3,61.9430399415409
99,lora_sim_chain,8,200,PKdhtXMmr18n2L9K88eMlGn7CcctT9RwKSB1FebW397VI5uG1yhc3uavuaOb9vyJ,250000,7,64,True,False,4,100,200,65,100,65,65,21.6159744262695,1.43,296.077330301714
100,lora_sim_chain,8,1000,PKdhtXMmr18n2L9K88eMlGn7CcctT9RwKSB1FebW397VI5uG1yhc3uavuaOb9vyJ,250000,9,64,True,False,4,100,200,65,100,65,65,103.246022462845,2.99,61.9878601357565
101,lora_sim_chain,8,1000,PKdhtXMmr18n2L9K88eMlGn7CcctT9RwKSB1FebW397VI5uG1yhc3uavuaOb9vyJ,250000,12,64,True,False,4,100,200,67,100,67,67,713.416598320007,2.35,8.97091547220947
102,lora_sim_chain,8,1000,PKdhtXMmr18n2L9K88eMlGn7CcctT9RwKSB1FebW397VI5uG1yhc3uavuaOb9vyJ,250000,8,64,True,False,4,100,200,69,100,69,69,103.287330150604,1.76,61.9630693393672
103,lora_sim_chain,8,200,PKdhtXMmr18n2L9K88eMlGn7CcctT9RwKSB1FebW397VI5uG1yhc3uavuaOb9vyJ,250000,9,64,True,False,4,100,200,70,100,70,70,27.2297468185425,1.05,235.037073339288
104,lora_sim_chain,8,200,PKdhtXMmr18n2L9K88eMlGn7CcctT9RwKSB1FebW397VI5uG1yhc3uavuaOb9vyJ,250000,10,64,True,False,4,100,200,70,100,70,70,47.767092704773,1.96,133.983452573837
105,lora_sim_chain,8,1000,PKdhtXMmr18n2L9K88eMlGn7CcctT9RwKSB1FebW397VI5uG1yhc3uavuaOb9vyJ,250000,7,64,True,False,4,100,200,73,100,74,73,103.27155828476,1.71,61.9725324793951
106,lora_sim_chain,8,1000,PKdhtXMmr18n2L9K88eMlGn7CcctT9RwKSB1FebW397VI5uG1yhc3uavuaOb9vyJ,250000,10,64,True,False,4,100,200,75,100,75,75,103.246969223022,2.09,61.9872917158027
107,lora_sim_chain,8,200,PKdhtXMmr18n2L9K88eMlGn7CcctT9RwKSB1FebW397VI5uG1yhc3uavuaOb9vyJ,250000,12,64,True,False,4,100,200,76,100,78,76,388.008220672607,2.41,16.4944958869832
108,lora_sim_chain,8,200,PKdhtXMmr18n2L9K88eMlGn7CcctT9RwKSB1FebW397VI5uG1yhc3uavuaOb9vyJ,250000,11,64,True,False,4,100,200,77,100,78,77,265.530480384827,2.76,24.1026943148848
109,lora_sim_chain,9,1000,PKdhtXMmr18n2L9K88eMlGn7CcctT9RwKSB1FebW397VI5uG1yhc3uavuaOb9vyJ,250000,8,64,True,False,4,100,200,61,100,61,61,103.209620475769,1.42,62.0097232263591
110,lora_sim_chain,9,200,PKdhtXMmr18n2L9K88eMlGn7CcctT9RwKSB1FebW397VI5uG1yhc3uavuaOb9vyJ,250000,12,64,True,False,4,100,200,62,100,65,62,388.092837572098,1.9,16.4908995487737
111,lora_sim_chain,9,1000,PKdhtXMmr18n2L9K88eMlGn7CcctT9RwKSB1FebW397VI5uG1yhc3uavuaOb9vyJ,250000,7,64,True,False,4,100,200,62,100,62,62,103.350816488266,2.36,61.9250066662669
112,lora_sim_chain,9,200,PKdhtXMmr18n2L9K88eMlGn7CcctT9RwKSB1FebW397VI5uG1yhc3uavuaOb9vyJ,250000,8,64,True,False,4,100,200,65,100,66,65,21.6846163272858,3.88,295.140107779858
113,lora_sim_chain,9,200,PKdhtXMmr18n2L9K88eMlGn7CcctT9RwKSB1FebW397VI5uG1yhc3uavuaOb9vyJ,250000,10,64,True,False,4,100,200,65,100,65,65,47.5675351619721,2.62,134.545546205146
114,lora_sim_chain,9,1000,PKdhtXMmr18n2L9K88eMlGn7CcctT9RwKSB1FebW397VI5uG1yhc3uavuaOb9vyJ,250000,12,64,True,False,4,100,200,66,100,67,66,713.461982488632,2.57,8.97034482156444
115,lora_sim_chain,9,200,PKdhtXMmr18n2L9K88eMlGn7CcctT9RwKSB1FebW397VI5uG1yhc3uavuaOb9vyJ,250000,7,64,True,False,4,100,200,68,100,68,68,21.7160503864288,3.17,294.712891438104
116,lora_sim_chain,9,200,PKdhtXMmr18n2L9K88eMlGn7CcctT9RwKSB1FebW397VI5uG1yhc3uavuaOb9vyJ,250000,9,64,True,False,4,100,200,70,100,70,70,27.3800222873688,3.67,233.747070503756
117,lora_sim_chain,9,1000,PKdhtXMmr18n2L9K88eMlGn7CcctT9RwKSB1FebW397VI5uG1yhc3uavuaOb9vyJ,250000,10,64,True,False,4,100,200,70,100,70,70,103.373056173325,1.63,61.9116841168862
118,lora_sim_chain,9,1000,PKdhtXMmr18n2L9K88eMlGn7CcctT9RwKSB1FebW397VI5uG1yhc3uavuaOb9vyJ,250000,9,64,True,False,4,100,200,74,100,74,74,103.349676847458,1.16,61.9256895156651
119,lora_sim_chain,9,1000,PKdhtXMmr18n2L9K88eMlGn7CcctT9RwKSB1FebW397VI5uG1yhc3uavuaOb9vyJ,250000,11,64,True,False,4,100,200,74,100,74,74,103.215288639069,1.19,62.006317904899
120,lora_sim_chain,10,200,PKdhtXMmr18n2L9K88eMlGn7CcctT9RwKSB1FebW397VI5uG1yhc3uavuaOb9vyJ,250000,12,64,True,False,4,100,200,61,100,63,61,388.010324478149,1.63,16.49440645325
121,lora_sim_chain,10,200,PKdhtXMmr18n2L9K88eMlGn7CcctT9RwKSB1FebW397VI5uG1yhc3uavuaOb9vyJ,250000,11,64,True,False,4,100,200,62,100,62,62,265.698601484299,1.56,24.0874433069916
122,lora_sim_chain,10,200,PKdhtXMmr18n2L9K88eMlGn7CcctT9RwKSB1FebW397VI5uG1yhc3uavuaOb9vyJ,250000,8,64,True,False,4,100,200,65,100,66,65,21.7429854869843,2.03,294.347802597355
123,lora_sim_chain,10,1000,PKdhtXMmr18n2L9K88eMlGn7CcctT9RwKSB1FebW397VI5uG1yhc3uavuaOb9vyJ,250000,8,64,True,False,4,100,200,67,100,67,67,103.326831102371,4.01,61.9393813951305
124,lora_sim_chain,10,200,PKdhtXMmr18n2L9K88eMlGn7CcctT9RwKSB1FebW397VI5uG1yhc3uavuaOb9vyJ,250000,7,64,True,False,4,100,200,68,100,70,68,21.7860217094421,2.33,293.766346392018
125,lora_sim_chain,10,1000,PKdhtXMmr18n2L9K88eMlGn7CcctT9RwKSB1FebW397VI5uG1yhc3uavuaOb9vyJ,250000,7,64,True,False,4,100,200,68,100,71,68,103.653924703598,2.3,61.743923525337
126,lora_sim_chain,10,200,PKdhtXMmr18n2L9K88eMlGn7CcctT9RwKSB1FebW397VI5uG1yhc3uavuaOb9vyJ,250000,9,64,True,False,4,100,200,71,100,71,71,27.378915309906,2.09,233.756521306905
127,lora_sim_chain,10,200,PKdhtXMmr18n2L9K88eMlGn7CcctT9RwKSB1FebW397VI5uG1yhc3uavuaOb9vyJ,250000,10,64,True,False,4,100,200,74,100,74,74,47.9825508594513,1.72,133.381820794535
128,lora_sim_chain,10,1000,PKdhtXMmr18n2L9K88eMlGn7CcctT9RwKSB1FebW397VI5uG1yhc3uavuaOb9vyJ,250000,9,64,True,False,4,100,200,77,100,77,77,103.300952196121,4.29,61.9548984200003
129,lora_sim_chain,10,1000,PKdhtXMmr18n2L9K88eMlGn7CcctT9RwKSB1FebW397VI5uG1yhc3uavuaOb9vyJ,250000,11,64,True,False,4,100,200,78,100,78,78,103.493507146835,3.44,61.8396281702944
130,lora_sim_chain,10,1000,PKdhtXMmr18n2L9K88eMlGn7CcctT9RwKSB1FebW397VI5uG1yhc3uavuaOb9vyJ,250000,12,64,True,False,4,100,200,78,100,78,78,713.766169309616,1.38,8.96652191598033
131,lora_sim_chain,10,1000,PKdhtXMmr18n2L9K88eMlGn7CcctT9RwKSB1FebW397VI5uG1yhc3uavuaOb9vyJ,250000,10,64,True,False,4,100,200,81,100,81,81,103.568207025528,2.51,61.7950255566605
132,lora_sim_chain,11,1000,PKdhtXMmr18n2L9K88eMlGn7CcctT9RwKSB1FebW397VI5uG1yhc3uavuaOb9vyJ,250000,7,64,True,False,4,100,200,53,100,74,53,103.32684636116,1.88,61.9393722482341
133,lora_sim_chain,11,1000,PKdhtXMmr18n2L9K88eMlGn7CcctT9RwKSB1FebW397VI5uG1yhc3uavuaOb9vyJ,250000,8,64,True,False,4,100,200,64,100,64,64,103.322530508041,1.9,61.9419594983874
134,lora_sim_chain,11,1000,PKdhtXMmr18n2L9K88eMlGn7CcctT9RwKSB1FebW397VI5uG1yhc3uavuaOb9vyJ,250000,11,64,True,False,4,100,200,64,100,64,64,103.322932004929,2.15,61.9417188015407
135,lora_sim_chain,11,200,PKdhtXMmr18n2L9K88eMlGn7CcctT9RwKSB1FebW397VI5uG1yhc3uavuaOb9vyJ,250000,12,64,True,False,4,100,200,67,100,69,67,388.012025594711,1.76,16.4943341387181
136,lora_sim_chain,11,200,PKdhtXMmr18n2L9K88eMlGn7CcctT9RwKSB1FebW397VI5uG1yhc3uavuaOb9vyJ,250000,8,64,True,False,4,100,200,70,100,71,70,21.6943578720093,1.55,295.007579286662
137,lora_sim_chain,11,200,PKdhtXMmr18n2L9K88eMlGn7CcctT9RwKSB1FebW397VI5uG1yhc3uavuaOb9vyJ,250000,11,64,True,False,4,100,200,72,100,73,72,265.793259859085,3.66,24.0788649170151
138,lora_sim_chain,11,1000,PKdhtXMmr18n2L9K88eMlGn7CcctT9RwKSB1FebW397VI5uG1yhc3uavuaOb9vyJ,250000,12,64,True,False,4,100,200,72,100,73,72,713.602292299271,2.12,8.96858105567291
139,lora_sim_chain,11,200,PKdhtXMmr18n2L9K88eMlGn7CcctT9RwKSB1FebW397VI5uG1yhc3uavuaOb9vyJ,250000,7,64,True,False,4,100,200,73,100,75,73,21.8200151920319,1.67,293.308686711507
140,lora_sim_chain,11,1000,PKdhtXMmr18n2L9K88eMlGn7CcctT9RwKSB1FebW397VI5uG1yhc3uavuaOb9vyJ,250000,10,64,True,False,4,100,200,73,100,73,73,103.295699596405,1.62,61.9580488346171
141,lora_sim_chain,11,200,PKdhtXMmr18n2L9K88eMlGn7CcctT9RwKSB1FebW397VI5uG1yhc3uavuaOb9vyJ,250000,10,64,True,False,4,100,200,75,100,75,75,47.9936788082123,2.18,133.350894512068
142,lora_sim_chain,11,1000,PKdhtXMmr18n2L9K88eMlGn7CcctT9RwKSB1FebW397VI5uG1yhc3uavuaOb9vyJ,250000,9,64,True,False,4,100,200,76,100,76,76,103.281442642212,1.74,61.9666015139904
143,lora_sim_chain,11,200,PKdhtXMmr18n2L9K88eMlGn7CcctT9RwKSB1FebW397VI5uG1yhc3uavuaOb9vyJ,250000,9,64,True,False,4,100,200,81,100,81,81,27.7488794326782,1.91,230.639944057096
144,lora_sim_chain,12,200,PKdhtXMmr18n2L9K88eMlGn7CcctT9RwKSB1FebW397VI5uG1yhc3uavuaOb9vyJ,250000,8,64,True,False,4,100,200,63,100,63,63,21.6237347126007,2.81,295.971074611388
145,lora_sim_chain,12,200,PKdhtXMmr18n2L9K88eMlGn7CcctT9RwKSB1FebW397VI5uG1yhc3uavuaOb9vyJ,250000,11,64,True,False,4,100,200,65,100,65,65,265.738960981369,3.02,24.0837849909735
146,lora_sim_chain,12,1000,PKdhtXMmr18n2L9K88eMlGn7CcctT9RwKSB1FebW397VI5uG1yhc3uavuaOb9vyJ,250000,12,64,True,False,4,100,200,68,100,69,68,713.574644804001,1.86,8.96892854391975
147,lora_sim_chain,12,1000,PKdhtXMmr18n2L9K88eMlGn7CcctT9RwKSB1FebW397VI5uG1yhc3uavuaOb9vyJ,250000,7,64,True,False,4,100,200,70,100,71,70,103.414613246918,2.05,61.8868049597502
148,lora_sim_chain,12,200,PKdhtXMmr18n2L9K88eMlGn7CcctT9RwKSB1FebW397VI5uG1yhc3uavuaOb9vyJ,250000,7,64,True,False,4,100,200,71,100,71,71,21.8342909812927,2.58,293.116914374889
149,lora_sim_chain,12,1000,PKdhtXMmr18n2L9K88eMlGn7CcctT9RwKSB1FebW397VI5uG1yhc3uavuaOb9vyJ,250000,11,64,True,False,4,100,200,73,100,73,73,103.332224369049,2.35,61.9361485642903
150,lora_sim_chain,12,200,PKdhtXMmr18n2L9K88eMlGn7CcctT9RwKSB1FebW397VI5uG1yhc3uavuaOb9vyJ,250000,10,64,True,False,4,100,200,74,100,74,74,48.0170505046844,3.01,133.285987638404
151,lora_sim_chain,12,200,PKdhtXMmr18n2L9K88eMlGn7CcctT9RwKSB1FebW397VI5uG1yhc3uavuaOb9vyJ,250000,9,64,True,False,4,100,200,75,100,75,75,27.4764730930328,2.78,232.92654695274
152,lora_sim_chain,12,200,PKdhtXMmr18n2L9K88eMlGn7CcctT9RwKSB1FebW397VI5uG1yhc3uavuaOb9vyJ,250000,12,64,True,False,4,100,200,75,100,77,75,388.132849931717,2.83,16.489199512811
153,lora_sim_chain,12,1000,PKdhtXMmr18n2L9K88eMlGn7CcctT9RwKSB1FebW397VI5uG1yhc3uavuaOb9vyJ,250000,8,64,True,False,4,100,200,75,100,76,75,103.391824007034,1.79,61.9004458182745
154,lora_sim_chain,12,1000,PKdhtXMmr18n2L9K88eMlGn7CcctT9RwKSB1FebW397VI5uG1yhc3uavuaOb9vyJ,250000,9,64,True,False,4,100,200,76,100,76,76,103.357651472092,1.76,61.9209116001258
155,lora_sim_chain,12,1000,PKdhtXMmr18n2L9K88eMlGn7CcctT9RwKSB1FebW397VI5uG1yhc3uavuaOb9vyJ,250000,10,64,True,False,4,100,200,80,100,80,80,103.325128078461,1.36,61.940402291494
156,lora_sim_chain,13,1000,PKdhtXMmr18n2L9K88eMlGn7CcctT9RwKSB1FebW397VI5uG1yhc3uavuaOb9vyJ,250000,7,64,True,False,4,100,200,11,100,82,11,103.602980136871,4.88,61.7742847893456
157,lora_sim_chain,13,200,PKdhtXMmr18n2L9K88eMlGn7CcctT9RwKSB1FebW397VI5uG1yhc3uavuaOb9vyJ,250000,11,64,True,False,4,100,200,62,100,63,62,265.747777938843,2.25,24.0829859411763
158,lora_sim_chain,13,200,PKdhtXMmr18n2L9K88eMlGn7CcctT9RwKSB1FebW397VI5uG1yhc3uavuaOb9vyJ,250000,7,64,True,False,4,100,200,63,100,64,63,21.7386183738708,1.85,294.406934697037
159,lora_sim_chain,13,200,PKdhtXMmr18n2L9K88eMlGn7CcctT9RwKSB1FebW397VI5uG1yhc3uavuaOb9vyJ,250000,8,64,True,False,4,100,200,66,100,66,66,21.7522897720337,1.89,294.221898801123
160,lora_sim_chain,13,200,PKdhtXMmr18n2L9K88eMlGn7CcctT9RwKSB1FebW397VI5uG1yhc3uavuaOb9vyJ,250000,10,64,True,False,4,100,200,69,100,69,69,47.8283936977387,2.23,133.811727829417
161,lora_sim_chain,13,200,PKdhtXMmr18n2L9K88eMlGn7CcctT9RwKSB1FebW397VI5uG1yhc3uavuaOb9vyJ,250000,9,64,True,False,4,100,200,72,100,72,72,27.5045051574707,2.11,232.689152680925
162,lora_sim_chain,13,1000,PKdhtXMmr18n2L9K88eMlGn7CcctT9RwKSB1FebW397VI5uG1yhc3uavuaOb9vyJ,250000,11,64,True,False,4,100,200,73,100,73,73,103.451383590698,2.54,61.8648081626571
163,lora_sim_chain,13,200,PKdhtXMmr18n2L9K88eMlGn7CcctT9RwKSB1FebW397VI5uG1yhc3uavuaOb9vyJ,250000,12,64,True,False,4,100,200,74,100,76,74,388.274393081665,3.75,16.4831884719575
164,lora_sim_chain,13,1000,PKdhtXMmr18n2L9K88eMlGn7CcctT9RwKSB1FebW397VI5uG1yhc3uavuaOb9vyJ,250000,9,64,True,False,4,100,200,76,100,76,76,103.433526039124,3.35,61.8754889742346
165,lora_sim_chain,13,1000,PKdhtXMmr18n2L9K88eMlGn7CcctT9RwKSB1FebW397VI5uG1yhc3uavuaOb9vyJ,250000,10,64,True,False,4,100,200,79,100,79,79,103.373075962067,3.67,61.911672265112
166,lora_sim_chain,13,1000,PKdhtXMmr18n2L9K88eMlGn7CcctT9RwKSB1FebW397VI5uG1yhc3uavuaOb9vyJ,250000,8,64,True,False,4,100,200,80,100,80,80,103.490899324417,3.1,61.8411864403426
167,lora_sim_chain,13,1000,PKdhtXMmr18n2L9K88eMlGn7CcctT9RwKSB1FebW397VI5uG1yhc3uavuaOb9vyJ,250000,12,64,True,False,4,100,200,82,100,83,82,713.483454465866,1.63,8.97007486290095
168,lora_sim_chain,14,200,PKdhtXMmr18n2L9K88eMlGn7CcctT9RwKSB1FebW397VI5uG1yhc3uavuaOb9vyJ,250000,11,64,True,False,4,100,200,67,100,68,67,265.810498952866,2.67,24.0773032864096
169,lora_sim_chain,14,200,PKdhtXMmr18n2L9K88eMlGn7CcctT9RwKSB1FebW397VI5uG1yhc3uavuaOb9vyJ,250000,7,64,True,False,4,100,200,68,100,69,68,21.8236865997314,1.65,293.259343271487
170,lora_sim_chain,14,200,PKdhtXMmr18n2L9K88eMlGn7CcctT9RwKSB1FebW397VI5uG1yhc3uavuaOb9vyJ,250000,8,64,True,False,4,100,200,70,100,71,70,21.6856815814972,2.02,295.125609769197
171,lora_sim_chain,14,200,PKdhtXMmr18n2L9K88eMlGn7CcctT9RwKSB1FebW397VI5uG1yhc3uavuaOb9vyJ,250000,9,64,True,False,4,100,200,70,100,70,70,27.458564043045,1.99,233.078466520213
172,lora_sim_chain,14,200,PKdhtXMmr18n2L9K88eMlGn7CcctT9RwKSB1FebW397VI5uG1yhc3uavuaOb9vyJ,250000,10,64,True,False,4,100,200,72,100,72,72,48.0622296333313,2.13,133.160697055169
